Roll Number,Score
190720,0.08954796922461222
211196,4.677531524400965
