Roll Number,Score
190720,0.00903010368347168
211196,76.20439100265503
